Country Name,Country Code,Indicator Name,Indicator Code,1960,1961,1962,1963,1964,1965,1966,1967,1968,1969,1970,1971,1972,1973,1974,1975,1976,1977,1978,1979,1980,1981,1982,1983,1984,1985,1986,1987,1988,1989,1990,1991,1992,1993,1994,1995,1996,1997,1998,1999,2000,2001,2002,2003,2004,2005,2006,2007,2008,2009,2010,2011,2012,2013,2014,2015,2016,2017,2018
Aruba,ABW,Trained teachers in primary education (% of total teachers),SE.PRM.TCAQ.ZS,,,,,,,,,,,,,,,,,,,,,,,,,,,,,,,,,,,,,,,,100,100,100,100,100,100,100,99.47552,100,99.48187,99.82818,100,99.83444,99.50083,,,,,,
Afghanistan,AFG,Trained teachers in primary education (% of total teachers),SE.PRM.TCAQ.ZS,,,,,,,,,,,,,,,,,,,,,,,,,,,,,,,,,,,,,,,,,,,,,,,,,,,,,,,,,,,
Angola,AGO,Trained teachers in primary education (% of total teachers),SE.PRM.TCAQ.ZS,,,,,,,,,,,,,,,,,,,,,,,,,,,,,,,,,,,,,,,,,,,,,,,,,,,,47.48642,,,,,,,
Albania,ALB,Trained teachers in primary education (% of total teachers),SE.PRM.TCAQ.ZS,,,,,,,,,,,,,,,,,,,,,,,,,,,,,,,,,,,,,,,,,,,,,,,,,,,,,,,,,,,
Andorra,AND,Trained teachers in primary education (% of total teachers),SE.PRM.TCAQ.ZS,,,,,,,,,,,,,,,,,,,,,,,,,,,,,,,,,,,,,,,,,,,,,,,100,100,100,100,100,100,100,100,100,100,100,100,
Arab World,ARB,Trained teachers in primary education (% of total teachers),SE.PRM.TCAQ.ZS,,,,,,,,,,,,,,,,,,,,,,,,,,,,,,,,,,,,,,,,,,,,,,95.71009,94.10183,92.52682,92.07892,93.16826,92.87575,90.06751,85.06294,83.63295,85.70912,84.70274,84.41139,83.16676,
United Arab Emirates,ARE,Trained teachers in primary education (% of total teachers),SE.PRM.TCAQ.ZS,,,,,,,,,,,,,,,,,,,,,,,,,,,,,,,,,,,,,,,,,,,,,60.85086,59.96523,,,,,,,100,100,100,100,100,,
Argentina,ARG,Trained teachers in primary education (% of total teachers),SE.PRM.TCAQ.ZS,,,,,,,,,,,,,,,,,,,,,,,,,,,,,,,,,,,,,,,,,,,,,,,,,,,,,,,,,,,
Armenia,ARM,Trained teachers in primary education (% of total teachers),SE.PRM.TCAQ.ZS,,,,,,,,,,,,,,,,,,,,,,,,,,,,,,,,,,,,,,,,89.32563,,,,,66.65664,77.45596,,,,,,,,,,,,,
American Samoa,ASM,Trained teachers in primary education (% of total teachers),SE.PRM.TCAQ.ZS,,,,,,,,,,,,,,,,,,,,,,,,,,,,,,,,,,,,,,,,,,,,,,,,,,,,,,,,,,,
Antigua and Barbuda,ATG,Trained teachers in primary education (% of total teachers),SE.PRM.TCAQ.ZS,,,,,,,,,,,,,,,,,,,,,,,,,,,,,,,,,,,,,,,,,46.90647,,,,,,,67.28625,52.88889,57.1223,54.75234,64.83957,60.13245,,70.16807,65.29161,,,
Australia,AUS,Trained teachers in primary education (% of total teachers),SE.PRM.TCAQ.ZS,,,,,,,,,,,,,,,,,,,,,,,,,,,,,,,,,,,,,,,,,,,,,,,,,,,,,,,,,,,
Austria,AUT,Trained teachers in primary education (% of total teachers),SE.PRM.TCAQ.ZS,,,,,,,,,,,,,,,,,,,,,,,,,,,,,,,,,,,,,,,,,,,,,,,,,,,,,,,,,,,
Azerbaijan,AZE,Trained teachers in primary education (% of total teachers),SE.PRM.TCAQ.ZS,,,,,,,,,,,,,,,,,,,,,,,,,,,,,,,,,,,,,,,,99.97555,99.93328,99.94324,100,99.62546,99.81896,99.97633,99.98141,99.99773,99.94087,99.91635,99.97936,99.98844,99.99272,99.56842,99.35141,99.27994,,98.03782,
Burundi,BDI,Trained teachers in primary education (% of total teachers),SE.PRM.TCAQ.ZS,,,,,,,,,,,,,,,,,,,,,,,,,,,,,,,,,,,,,,,,,,,,,,87.50998,,87.41586,,91.18906,,94.18189,94.98716,,92.15134,100,100,100,
Belgium,BEL,Trained teachers in primary education (% of total teachers),SE.PRM.TCAQ.ZS,,,,,,,,,,,,,,,,,,,,,,,,,,,,,,,,,,,,,,,,,,,,,,,,,,,,,,,,,,,
Benin,BEN,Trained teachers in primary education (% of total teachers),SE.PRM.TCAQ.ZS,,,,,,,,,,,,,,,,,,,,,,,,,,,,,,,,,,,,,,,,57.69819,64.99718,,,77.9996,72.17684,,,,,40.39822,42.63103,46.88956,,,67.59375,69.09717,70.41661,68.26635,
Burkina Faso,BFA,Trained teachers in primary education (% of total teachers),SE.PRM.TCAQ.ZS,,,,,,,,,,,,,,,,,,,,,,,,,,,,,,,,,,,,,,,,,,80.41774,,86.84698,89.49235,88.25822,86.94176,87.66789,87.66039,86.11446,,,94.83248,85.58639,84.3586,85.42001,73.19373,85.83756,
Bangladesh,BGD,Trained teachers in primary education (% of total teachers),SE.PRM.TCAQ.ZS,,,,,,,,,,,,,,,,,,,,,,,,,,,,,,,,,,,,,,,,,,,,,,53.4022,51.43224,55.999,54.36333,58.40753,,57.73415,,,,47.579,50.43132,50.43127,
Bulgaria,BGR,Trained teachers in primary education (% of total teachers),SE.PRM.TCAQ.ZS,,,,,,,,,,,,,,,,,,,,,,,,,,,,,,,,,,,,,,,,,,,,,,,,,,,,,,,,,,,
Bahrain,BHR,Trained teachers in primary education (% of total teachers),SE.PRM.TCAQ.ZS,,,,,,,,,,,,,,,,,,,,,,,,,,,,,,,,,,,,,,,,,,,,,,,,,,,,80.33598,82.06234,82.19422,82.76754,82.48183,83.69343,83.74411,
"Bahamas, The",BHS,Trained teachers in primary education (% of total teachers),SE.PRM.TCAQ.ZS,,,,,,,,,,,,,,,,,,,,,,,,,,,,,,,,,,,,,,,,58.43724,,,95.12075,,91.53488,,88.82227,94.46281,91.08444,84.42042,91.54871,,,,,,90.06828,,
Bosnia and Herzegovina,BIH,Trained teachers in primary education (% of total teachers),SE.PRM.TCAQ.ZS,,,,,,,,,,,,,,,,,,,,,,,,,,,,,,,,,,,,,,,,,,,,,,,,,,,,,,,,,,,
Belarus,BLR,Trained teachers in primary education (% of total teachers),SE.PRM.TCAQ.ZS,,,,,,,,,,,,,,,,,,,,,,,,,,,,,,,,,,,,,,,,,,,97.90378,97.74236,98.52778,99.79722,99.62961,99.81007,99.77155,99.8662,99.76158,99.87735,99.64399,99.62851,99.43707,99.38717,99.47286,99.64884,
Belize,BLZ,Trained teachers in primary education (% of total teachers),SE.PRM.TCAQ.ZS,,,,,,,,,,,,,,,,,,,,,,,,,,,,,,,,,,,,,,,,,54.08641,40.89763,,40.98505,51.44618,,39.37639,45.45855,42.75772,42.53763,45.2049,47.5115,54.34433,48.7763,60.74968,67.50392,72.84483,,
Bermuda,BMU,Trained teachers in primary education (% of total teachers),SE.PRM.TCAQ.ZS,,,,,,,,,,,,,,,,,,,,,,,,,,,,,,,,,,,,,,,,,,100,100,100,100,100,100,,,,,100,100,,100,,100,,
Bolivia,BOL,Trained teachers in primary education (% of total teachers),SE.PRM.TCAQ.ZS,,,,,,,,,,,,,,,,,,,,,,,,,,,,,,,,,,,,,,,,,,,,,,,,,,,,55.51974,56.05358,57.20826,57.35747,57.55731,58.14121,58.17574,
Brazil,BRA,Trained teachers in primary education (% of total teachers),SE.PRM.TCAQ.ZS,,,,,,,,,,,,,,,,,,,,,,,,,,,,,,,,,,,,,,,,,,,,,,,,,,,,,,,,,,,
Barbados,BRB,Trained teachers in primary education (% of total teachers),SE.PRM.TCAQ.ZS,,,,,,,,,,,,,,,,,,,,,,,,,,,,,,,,,,,,,,,,,,,,,,73.24711,,70.37991,60.95406,58.05849,58.49598,55.40698,,,68.76877,65.83333,69.02769,79.80636,
Brunei Darussalam,BRN,Trained teachers in primary education (% of total teachers),SE.PRM.TCAQ.ZS,,,,,,,,,,,,,,,,,,,,,,,,,,,,,,,,,,,,,,,,,,,,,,84.45471,84.60494,82.828,84.28373,84.14014,87.08932,88.26729,88.03863,85.19055,87.43756,82.32085,84.90804,85.34704,
Bhutan,BTN,Trained teachers in primary education (% of total teachers),SE.PRM.TCAQ.ZS,,,,,,,,,,,,,,,,,,,,,,,,,,,,,,,,,,,,,,,93.70594,100,94.82592,91.5846,,,,93.8183,92.00685,,91.46719,,,,,,,100,100,100,
Botswana,BWA,Trained teachers in primary education (% of total teachers),SE.PRM.TCAQ.ZS,,,,,,,,,,,,,,,,,,,,,,,,,,,,,,,,,,,,,,,91.83113,90.24268,89.15534,89.48262,89.07509,89.72235,92.47464,92.58771,94.28989,97.3901,98.85013,100,,,99.53284,98.63651,,,,,
Central African Republic,CAF,Trained teachers in primary education (% of total teachers),SE.PRM.TCAQ.ZS,,,,,,,,,,,,,,,,,,,,,,,,,,,,,,,,,,,,,,,,,,,,,,,,,,,,,,,,,,,
Canada,CAN,Trained teachers in primary education (% of total teachers),SE.PRM.TCAQ.ZS,,,,,,,,,,,,,,,,,,,,,,,,,,,,,,,,,,,,,,,,,,,,,,,,,,,,,,,,,,,
Central Europe and the Baltics,CEB,Trained teachers in primary education (% of total teachers),SE.PRM.TCAQ.ZS,,,,,,,,,,,,,,,,,,,,,,,,,,,,,,,,,,,,,,,,,,,,,,,,,,,,,,,,,,,
Switzerland,CHE,Trained teachers in primary education (% of total teachers),SE.PRM.TCAQ.ZS,,,,,,,,,,,,,,,,,,,,,,,,,,,,,,,,,,,,,,,,,,,,,,,,,,,,,,,,,,,
Channel Islands,CHI,Trained teachers in primary education (% of total teachers),SE.PRM.TCAQ.ZS,,,,,,,,,,,,,,,,,,,,,,,,,,,,,,,,,,,,,,,,,,,,,,,,,,,,,,,,,,,
Chile,CHL,Trained teachers in primary education (% of total teachers),SE.PRM.TCAQ.ZS,,,,,,,,,,,,,,,,,,,,,,,,,,,,,,,,,,,,,,,,,,,,,,,,,,,,,,,,,,,
China,CHN,Trained teachers in primary education (% of total teachers),SE.PRM.TCAQ.ZS,,,,,,,,,,,,,,,,,,,,,,,,,,,,,,,,,,,,,,,,,,,,,,,,,,,,,,,,,,,
Cote d'Ivoire,CIV,Trained teachers in primary education (% of total teachers),SE.PRM.TCAQ.ZS,,,,,,,,,,,,,,,,,,,,,,,,,,,,,,,,,,,,,,,,,99.43988,99.05682,,100,,,,100,100,100,,100,99.38443,82.80794,84.94438,100,100,100,
Cameroon,CMR,Trained teachers in primary education (% of total teachers),SE.PRM.TCAQ.ZS,,,,,,,,,,,,,,,,,,,,,,,,,,,,,,,,,,,,,,,,,,,,68.05799,68.534,62.74085,61.7701,,,,57.39352,67.14954,78.77751,,,58.06543,58.84322,81.23979,
"Congo, Dem. Rep.",COD,Trained teachers in primary education (% of total teachers),SE.PRM.TCAQ.ZS,,,,,,,,,,,,,,,,,,,,,,,,,,,,,,,,,,,,,,,,,,,,,,,,96.02398,93.26745,93.3934,91.66748,89.85311,93.5459,,94.62353,,,,
"Congo, Rep.",COG,Trained teachers in primary education (% of total teachers),SE.PRM.TCAQ.ZS,,,,,,,,,,,,,,,,,,,,,,,,,,,,,,,,,,,,,,,,,64.55294,,,57.11179,62.17059,,88.99645,,,,86.77772,79.32375,80.31706,,,,,,
Colombia,COL,Trained teachers in primary education (% of total teachers),SE.PRM.TCAQ.ZS,,,,,,,,,,,,,,,,,,,,,,,,,,,,,,,,,,,,,,,,,,,,,,,,100,100,100,100,100,100,97.28327,98.23088,94.02514,94.85455,94.72188,
Comoros,COM,Trained teachers in primary education (% of total teachers),SE.PRM.TCAQ.ZS,,,,,,,,,,,,,,,,,,,,,,,,,,,,,,,,,,,,,,,,,,,,,,,,,57.42198,,,55.15353,,,,,,50.75439,
Cabo Verde,CPV,Trained teachers in primary education (% of total teachers),SE.PRM.TCAQ.ZS,,,,,,,,,,,,,,,,,,,,,,,,,,,,,,,,,,,,,,,,,,,67.15796,69.37997,72.70432,77.80564,81.46417,82.93375,84.70626,86.45833,90.02991,92.09287,94.58728,,96.02024,,93.25543,93.43501,
Costa Rica,CRI,Trained teachers in primary education (% of total teachers),SE.PRM.TCAQ.ZS,,,,,,,,,,,,,,,,,,,,,,,,,,,,,,,,,,,,,,,,87.17562,,89.54435,88.20727,,97.42543,96.78728,88.04313,89.46508,86.04626,87.60039,89.48325,91.44802,,93.97543,93.98059,93.90881,93.75582,,
Caribbean small states,CSS,Trained teachers in primary education (% of total teachers),SE.PRM.TCAQ.ZS,,,,,,,,,,,,,,,,,,,,,,,,,,,,,,,,,,,,,,,76.12964,73.49007,74.66938,75.14787,76.05814,77.22147,75.41128,75.54982,74.92427,76.0099,74.68694,74.53551,75.33221,76.87021,77.49804,76.35168,84.98169,84.56291,84.82603,84.94969,
Cuba,CUB,Trained teachers in primary education (% of total teachers),SE.PRM.TCAQ.ZS,,,,,,,,,,,,,,,,,,,,,,,,,,,,,,,,,,,,,,,,100,100,100,,100,100,100,100,100,100,100,100,100,100,100,100,100,100,100,
Curacao,CUW,Trained teachers in primary education (% of total teachers),SE.PRM.TCAQ.ZS,,,,,,,,,,,,,,,,,,,,,,,,,,,,,,,,,,,,,,,,,,,,,,,,,,,,,,,,,,,
Cayman Islands,CYM,Trained teachers in primary education (% of total teachers),SE.PRM.TCAQ.ZS,,,,,,,,,,,,,,,,,,,,,,,,,,,,,,,,,,,,,,,,98.08612,97.8903,99.1453,99.16667,,99.60159,98.81423,97.2028,95.8209,95.79288,,,94.84848,97.0297,88.11881,,,,,100
Cyprus,CYP,Trained teachers in primary education (% of total teachers),SE.PRM.TCAQ.ZS,,,,,,,,,,,,,,,,,,,,,,,,,,,,,,,,,,,,,,,,,,,,,,,,,,,,,,,,,,,
Czech Republic,CZE,Trained teachers in primary education (% of total teachers),SE.PRM.TCAQ.ZS,,,,,,,,,,,,,,,,,,,,,,,,,,,,,,,,,,,,,,,,,,,,,,,,,,,,,,,,,,,
Germany,DEU,Trained teachers in primary education (% of total teachers),SE.PRM.TCAQ.ZS,,,,,,,,,,,,,,,,,,,,,,,,,,,,,,,,,,,,,,,,,,,,,,,,,,,,,,,,,,,
Djibouti,DJI,Trained teachers in primary education (% of total teachers),SE.PRM.TCAQ.ZS,,,,,,,,,,,,,,,,,,,,,,,,,,,,,,,,,,,,,,,,,,,,,,,79.09887,,80.32589,100,,100,,96.00432,,100,,,
Dominica,DMA,Trained teachers in primary education (% of total teachers),SE.PRM.TCAQ.ZS,,,,,,,,,,,,,,,,,,,,,,,,,,,,,,,,,,,,,,,,63.98026,64.61794,61.10211,60.10187,60.36364,63.58382,59.92293,64.21663,61.12224,59.4,57.84314,60.82677,57.72994,60.65891,65.21739,64.81481,64.49814,65.71429,,
Denmark,DNK,Trained teachers in primary education (% of total teachers),SE.PRM.TCAQ.ZS,,,,,,,,,,,,,,,,,,,,,,,,,,,,,,,,,,,,,,,,,,,,,,,,,,,,,,,,,,,
Dominican Republic,DOM,Trained teachers in primary education (% of total teachers),SE.PRM.TCAQ.ZS,,,,,,,,,,,,,,,,,,,,,,,,,,,,,,,,,,,,,,,,73.90954,,,79.31468,,,88.26936,88.32561,88.27013,89.21384,83.61071,84.85712,84.8496,85.05394,,,,,,
Algeria,DZA,Trained teachers in primary education (% of total teachers),SE.PRM.TCAQ.ZS,,,,,,,,,,,,,,,,,,,,,,,,,,,,,,,,,,,,,,,,93.72814,94.63773,95.67702,97.12654,97.91976,98.3456,98.52628,99.26722,98.85815,,,,,,,100,100,,,
East Asia & Pacific (excluding high income),EAP,Trained teachers in primary education (% of total teachers),SE.PRM.TCAQ.ZS,,,,,,,,,,,,,,,,,,,,,,,,,,,,,,,,,,,,,,,,,,,,,,,,,,,,,,,,,,,
Early-demographic dividend,EAR,Trained teachers in primary education (% of total teachers),SE.PRM.TCAQ.ZS,,,,,,,,,,,,,,,,,,,,,,,,,,,,,,,,,,,,,,,,,,,,,,,,,,,,,86.16481,83.32769,83.27512,81.01266,80.99385,79.78481,
East Asia & Pacific,EAS,Trained teachers in primary education (% of total teachers),SE.PRM.TCAQ.ZS,,,,,,,,,,,,,,,,,,,,,,,,,,,,,,,,,,,,,,,,,,,,,,,,,,,,,,,,,,,
Europe & Central Asia (excluding high income),ECA,Trained teachers in primary education (% of total teachers),SE.PRM.TCAQ.ZS,,,,,,,,,,,,,,,,,,,,,,,,,,,,,,,,,,,,,,,,,,,,,,,94.45941,,95.29548,95.00805,,,,90.811,89.63132,89.44478,89.12512,88.88702,
Europe & Central Asia,ECS,Trained teachers in primary education (% of total teachers),SE.PRM.TCAQ.ZS,,,,,,,,,,,,,,,,,,,,,,,,,,,,,,,,,,,,,,,,,,,,,,,,,,,,,,,,,,,
Ecuador,ECU,Trained teachers in primary education (% of total teachers),SE.PRM.TCAQ.ZS,,,,,,,,,,,,,,,,,,,,,,,,,,,,,,,,,,,,,,,,,86.97364,86.92749,68.59826,69.91019,70.89127,71.05345,71.0565,71.64531,,,59.54004,74.10628,75.17976,76.38595,78.64876,79.21087,81.2195,82.26804,
"Egypt, Arab Rep.",EGY,Trained teachers in primary education (% of total teachers),SE.PRM.TCAQ.ZS,,,,,,,,,,,,,,,,,,,,,,,,,,,,,,,,,,,,,,,,,,,,,,,,,,,,,,,,,74.06878,,
Euro area,EMU,Trained teachers in primary education (% of total teachers),SE.PRM.TCAQ.ZS,,,,,,,,,,,,,,,,,,,,,,,,,,,,,,,,,,,,,,,,,,,,,,,,,,,,,,,,,,,
Eritrea,ERI,Trained teachers in primary education (% of total teachers),SE.PRM.TCAQ.ZS,,,,,,,,,,,,,,,,,,,,,,,,,,,,,,,,,,,,,,,,72.77618,71.96982,70.47091,72.61937,80.52269,83.09473,83.60614,87.52432,87.10515,80.93284,92.24558,93.81553,90.97871,89.55425,79.86175,70.68702,61.14306,,40.87311,
Spain,ESP,Trained teachers in primary education (% of total teachers),SE.PRM.TCAQ.ZS,,,,,,,,,,,,,,,,,,,,,,,,,,,,,,,,,,,,,,,,,,,,,,,,,,,,,,,,,,,
Estonia,EST,Trained teachers in primary education (% of total teachers),SE.PRM.TCAQ.ZS,,,,,,,,,,,,,,,,,,,,,,,,,,,,,,,,,,,,,,,,,,,,,,,,,,,,,,,,,,,
Ethiopia,ETH,Trained teachers in primary education (% of total teachers),SE.PRM.TCAQ.ZS,,,,,,,,,,,,,,,,,,,,,,,,,,,,,,,,,,,,,,,,,,,,,,,,,89.71701,84.60987,,,,,,,,,
European Union,EUU,Trained teachers in primary education (% of total teachers),SE.PRM.TCAQ.ZS,,,,,,,,,,,,,,,,,,,,,,,,,,,,,,,,,,,,,,,,,,,,,,,,,,,,,,,,,,,
Fragile and conflict affected situations,FCS,Trained teachers in primary education (% of total teachers),SE.PRM.TCAQ.ZS,,,,,,,,,,,,,,,,,,,,,,,,,,,,,,,,,,,,,,,,85.563,86.52185,85.48263,86.10936,86.534,87.87713,85.65702,86.72027,84.89477,84.17823,84.35517,83.6054,82.25962,82.30211,82.21032,81.79833,80.75054,,,
Finland,FIN,Trained teachers in primary education (% of total teachers),SE.PRM.TCAQ.ZS,,,,,,,,,,,,,,,,,,,,,,,,,,,,,,,,,,,,,,,,,,,,,,,,,,,,,,,,,,,
Fiji,FJI,Trained teachers in primary education (% of total teachers),SE.PRM.TCAQ.ZS,,,,,,,,,,,,,,,,,,,,,,,,,,,,,,,,,,,,,,,,,,,,,,,,,97.79132,,,100,100,,,,90.08605,,
France,FRA,Trained teachers in primary education (% of total teachers),SE.PRM.TCAQ.ZS,,,,,,,,,,,,,,,,,,,,,,,,,,,,,,,,,,,,,,,,,,,,,,,,,,,,,,,,,,,
Faroe Islands,FRO,Trained teachers in primary education (% of total teachers),SE.PRM.TCAQ.ZS,,,,,,,,,,,,,,,,,,,,,,,,,,,,,,,,,,,,,,,,,,,,,,,,,,,,,,,,,,,
"Micronesia, Fed. Sts.",FSM,Trained teachers in primary education (% of total teachers),SE.PRM.TCAQ.ZS,,,,,,,,,,,,,,,,,,,,,,,,,,,,,,,,,,,,,,,,,,,,,,,,,,,,,,,,,,,
Gabon,GAB,Trained teachers in primary education (% of total teachers),SE.PRM.TCAQ.ZS,,,,,,,,,,,,,,,,,,,,,,,,,,,,,,,,,,,,,,,,,,95.25838,,100,,,,,,,,,,,,,,,
United Kingdom,GBR,Trained teachers in primary education (% of total teachers),SE.PRM.TCAQ.ZS,,,,,,,,,,,,,,,,,,,,,,,,,,,,,,,,,,,,,,,,,,,,,,,,,,,,,,,,,,,
Georgia,GEO,Trained teachers in primary education (% of total teachers),SE.PRM.TCAQ.ZS,,,,,,,,,,,,,,,,,,,,,,,,,,,,,,,,,,,,,,,,,94.69911,94.68193,,97.35758,,,,,94.98885,94.58984,,,,,,,,,
Ghana,GHA,Trained teachers in primary education (% of total teachers),SE.PRM.TCAQ.ZS,,,,,,,,,,,,,,,,,,,,,,,,,,,,,,,,,,,,,,,,71.79637,69.09326,68.61241,64.94438,62.10855,67.96084,57.8754,61.48246,53.0112,49.07108,47.56669,50.60262,50.60028,52.26588,53.30442,52.39776,54.69452,56.04477,55.37378,
Gibraltar,GIB,Trained teachers in primary education (% of total teachers),SE.PRM.TCAQ.ZS,,,,,,,,,,,,,,,,,,,,,,,,,,,,,,,,,,,,,,,,,,,,,,,,,,,,,,,,,,,
Guinea,GIN,Trained teachers in primary education (% of total teachers),SE.PRM.TCAQ.ZS,,,,,,,,,,,,,,,,,,,,,,,,,,,,,,,,,,,,,,,,,,,,,,68.08194,67.69508,,82.14528,,,80.37635,74.51472,74.1184,75.00395,75.68726,75.36093,,
"Gambia, The",GMB,Trained teachers in primary education (% of total teachers),SE.PRM.TCAQ.ZS,,,,,,,,,,,,,,,,,,,,,,,,,,,,,,,,,,,,,,,,,74.74271,,,,,,,,,,,89.74317,63.48876,81.917,90.65345,85.81372,,87.74625,
Guinea-Bissau,GNB,Trained teachers in primary education (% of total teachers),SE.PRM.TCAQ.ZS,,,,,,,,,,,,,,,,,,,,,,,,,,,,,,,,,,,,,,,,,35.12482,,,,,,,,,,38.9313,,,,,,,,
Equatorial Guinea,GNQ,Trained teachers in primary education (% of total teachers),SE.PRM.TCAQ.ZS,,,,,,,,,,,,,,,,,,,,,,,,,,,,,,,,,,,,,,,,,,,,,,,,,50.96552,42.69762,45.25711,48.82674,,,,37.22954,,,
Greece,GRC,Trained teachers in primary education (% of total teachers),SE.PRM.TCAQ.ZS,,,,,,,,,,,,,,,,,,,,,,,,,,,,,,,,,,,,,,,,,,,,,,,,,,,,,,,,,,,
Grenada,GRD,Trained teachers in primary education (% of total teachers),SE.PRM.TCAQ.ZS,,,,,,,,,,,,,,,,,,,,,,,,,,,,,,,,,,,,,,,,,67.21106,70.06536,,68.01802,,75.34766,,69.46039,73.49593,68.79518,65.3349,,,53.71429,62.97118,63.59039,62.99766,64.0625,
Greenland,GRL,Trained teachers in primary education (% of total teachers),SE.PRM.TCAQ.ZS,,,,,,,,,,,,,,,,,,,,,,,,,,,,,,,,,,,,,,,,,,,,,,,,,,,,,,,,,,,
Guatemala,GTM,Trained teachers in primary education (% of total teachers),SE.PRM.TCAQ.ZS,,,,,,,,,,,,,,,,,,,,,,,,,,,,,,,,,,,,,,,,,,,,,,,,,,,,,,,,,,,
Guam,GUM,Trained teachers in primary education (% of total teachers),SE.PRM.TCAQ.ZS,,,,,,,,,,,,,,,,,,,,,,,,,,,,,,,,,,,,,,,,,,,,,,,,,,,,,,,,,,,
Guyana,GUY,Trained teachers in primary education (% of total teachers),SE.PRM.TCAQ.ZS,,,,,,,,,,,,,,,,,,,,,,,,,,,,,,,,,,,,,,,,51.74043,51.4327,53.06997,,57.47484,,57.20461,,57.27295,58.49191,63.69863,66.06301,67.69691,69.64942,,,,,,
High income,HIC,Trained teachers in primary education (% of total teachers),SE.PRM.TCAQ.ZS,,,,,,,,,,,,,,,,,,,,,,,,,,,,,,,,,,,,,,,,,,,,,,,,,,,,,,,,,,,
"Hong Kong SAR, China",HKG,Trained teachers in primary education (% of total teachers),SE.PRM.TCAQ.ZS,,,,,,,,,,,,,,,,,,,,,,,,,,,,,,,,,,,,,,,84.9,86.38973,87.54923,89.39901,90.62563,91.14247,91.84921,93.16417,94.83207,94.56024,95.11988,95.12415,95.60564,95.79129,95.79185,96.00716,96.41133,96.17486,96.60663,96.89441,
Honduras,HND,Trained teachers in primary education (% of total teachers),SE.PRM.TCAQ.ZS,,,,,,,,,,,,,,,,,,,,,,,,,,,,,,,,,,,,,,,,,,,,,87.21344,,,,,,,,,,,,,,
Heavily indebted poor countries (HIPC),HPC,Trained teachers in primary education (% of total teachers),SE.PRM.TCAQ.ZS,,,,,,,,,,,,,,,,,,,,,,,,,,,,,,,,,,,,,,,,,79.22666,77.46283,,75.56397,75.75369,75.48324,75.5493,75.01734,73.64701,73.22338,70.27616,69.40772,70.81236,69.59733,69.07472,68.15238,67.64674,71.69877,
Croatia,HRV,Trained teachers in primary education (% of total teachers),SE.PRM.TCAQ.ZS,,,,,,,,,,,,,,,,,,,,,,,,,,,,,,,,,,,,,,,,100,100,100,100,100,,,,,,,,,,,,,,,
Haiti,HTI,Trained teachers in primary education (% of total teachers),SE.PRM.TCAQ.ZS,,,,,,,,,,,,,,,,,,,,,,,,,,,,,,,,,,,,,,,,,,,,,,,,,,,,,,,,,,,
Hungary,HUN,Trained teachers in primary education (% of total teachers),SE.PRM.TCAQ.ZS,,,,,,,,,,,,,,,,,,,,,,,,,,,,,,,,,,,,,,,,,,,,,,,,,,,,,,,,,,,
IBRD only,IBD,Trained teachers in primary education (% of total teachers),SE.PRM.TCAQ.ZS,,,,,,,,,,,,,,,,,,,,,,,,,,,,,,,,,,,,,,,,,,,,,,,,,,,,,,88.35893,88.51903,87.50152,88.12605,86.70104,
IDA & IBRD total,IBT,Trained teachers in primary education (% of total teachers),SE.PRM.TCAQ.ZS,,,,,,,,,,,,,,,,,,,,,,,,,,,,,,,,,,,,,,,,,,,,,,,,,,,,,,84.30222,84.05956,83.04742,83.30218,82.44635,
IDA total,IDA,Trained teachers in primary education (% of total teachers),SE.PRM.TCAQ.ZS,,,,,,,,,,,,,,,,,,,,,,,,,,,,,,,,,,,,,,,,,,,78.74844,76.00038,72.06193,73.29372,74.71357,74.71935,75.63064,76.19264,75.33233,72.43114,75.36015,70.3474,69.26521,68.50319,68.10693,69.44551,
IDA blend,IDB,Trained teachers in primary education (% of total teachers),SE.PRM.TCAQ.ZS,,,,,,,,,,,,,,,,,,,,,,,,,,,,,,,,,,,,,,,,,,,88.55227,81.29821,70.26368,72.81169,73.62431,71.81964,76.95009,78.3477,79.24058,72.31809,78.721,65.92099,63.31341,63.02915,61.47986,,
Indonesia,IDN,Trained teachers in primary education (% of total teachers),SE.PRM.TCAQ.ZS,,,,,,,,,,,,,,,,,,,,,,,,,,,,,,,,,,,,,,,,,,,,,,,,,,,,,,,,,,,
IDA only,IDX,Trained teachers in primary education (% of total teachers),SE.PRM.TCAQ.ZS,,,,,,,,,,,,,,,,,,,,,,,,,,,,,,,,,,,,,,,,74.28951,74.24987,73.12205,73.17813,72.80985,73.09108,73.56164,75.26931,76.07108,75.04777,75.21579,73.58918,72.48393,73.97201,72.48202,72.08577,71.00362,71.09852,73.42831,
Isle of Man,IMN,Trained teachers in primary education (% of total teachers),SE.PRM.TCAQ.ZS,,,,,,,,,,,,,,,,,,,,,,,,,,,,,,,,,,,,,,,,,,,,,,,,,,,,,,,,,,,
India,IND,Trained teachers in primary education (% of total teachers),SE.PRM.TCAQ.ZS,,,,,,,,,,,,,,,,,,,,,,,,,,,,,,,,,,,,,,,,,,,,,,,,,,,,,,,77.24506,,69.50208,,
Not classified,INX,Trained teachers in primary education (% of total teachers),SE.PRM.TCAQ.ZS,,,,,,,,,,,,,,,,,,,,,,,,,,,,,,,,,,,,,,,,,,,,,,,,,,,,,,,,,,,
Ireland,IRL,Trained teachers in primary education (% of total teachers),SE.PRM.TCAQ.ZS,,,,,,,,,,,,,,,,,,,,,,,,,,,,,,,,,,,,,,,,,,,,,,,,,,,,,,,,,,,
"Iran, Islamic Rep.",IRN,Trained teachers in primary education (% of total teachers),SE.PRM.TCAQ.ZS,,,,,,,,,,,,,,,,,,,,,,,,,,,,,,,,,,,,,,,,,,98.40333,,100,,,95.84246,98.66214,98.44019,,,,,100,100,100,,,
Iraq,IRQ,Trained teachers in primary education (% of total teachers),SE.PRM.TCAQ.ZS,,,,,,,,,,,,,,,,,,,,,,,,,,,,,,,,,,,,,,,,,100,,,,100,,,,,,,,,,,,,,
Iceland,ISL,Trained teachers in primary education (% of total teachers),SE.PRM.TCAQ.ZS,,,,,,,,,,,,,,,,,,,,,,,,,,,,,,,,,,,,,,,,,,,,,,,,,,,,,,,,,,,
Israel,ISR,Trained teachers in primary education (% of total teachers),SE.PRM.TCAQ.ZS,,,,,,,,,,,,,,,,,,,,,,,,,,,,,,,,,,,,,,,,,,,,,,,,,,,,,,,,,,,
Italy,ITA,Trained teachers in primary education (% of total teachers),SE.PRM.TCAQ.ZS,,,,,,,,,,,,,,,,,,,,,,,,,,,,,,,,,,,,,,,,,,,,,,,,,,,,,,,,,,,
Jamaica,JAM,Trained teachers in primary education (% of total teachers),SE.PRM.TCAQ.ZS,,,,,,,,,,,,,,,,,,,,,,,,,,,,,,,,,,,,,,,,,,,,,,,,,,,,,,,95.66155,93.37625,96.20751,,
Jordan,JOR,Trained teachers in primary education (% of total teachers),SE.PRM.TCAQ.ZS,,,,,,,,,,,,,,,,,,,,,,,,,,,,,,,,,,,,,,,,,,,,,,,,,,,,,,,100,,100,100,
Japan,JPN,Trained teachers in primary education (% of total teachers),SE.PRM.TCAQ.ZS,,,,,,,,,,,,,,,,,,,,,,,,,,,,,,,,,,,,,,,,,,,,,,,,,,,,,,,,,,,
Kazakhstan,KAZ,Trained teachers in primary education (% of total teachers),SE.PRM.TCAQ.ZS,,,,,,,,,,,,,,,,,,,,,,,,,,,,,,,,,,,,,,,,,,,,,,,,,,,,,,,100,100,100,100,
Kenya,KEN,Trained teachers in primary education (% of total teachers),SE.PRM.TCAQ.ZS,,,,,,,,,,,,,,,,,,,,,,,,,,,,,,,,,,,,,,,,,,,,98.69199,98.80114,98.91325,99.43491,98.69642,98.41615,96.80731,,,,,,,,,
Kyrgyz Republic,KGZ,Trained teachers in primary education (% of total teachers),SE.PRM.TCAQ.ZS,,,,,,,,,,,,,,,,,,,,,,,,,,,,,,,,,,,,,,,,,,,,52.01894,54.81708,57.96153,61.2564,62.35735,64.37908,65.74822,68.4132,69.65777,71.97358,92.14503,93.03057,92.78416,94.99201,95.43013,
Cambodia,KHM,Trained teachers in primary education (% of total teachers),SE.PRM.TCAQ.ZS,,,,,,,,,,,,,,,,,,,,,,,,,,,,,,,,,,,,,,,,,,95.9141,96.01659,94.7457,96.50102,97.68626,98.31485,98.4139,98.21869,99.47919,99.05554,98.92629,100,100,100,100,100,100,
Kiribati,KIR,Trained teachers in primary education (% of total teachers),SE.PRM.TCAQ.ZS,,,,,,,,,,,,,,,,,,,,,,,,,,,,,,,,,,,,,,,,,,,,,,93.88379,84.32343,90.45383,85.42636,,,,,,,,72.71341,,
St. Kitts and Nevis,KNA,Trained teachers in primary education (% of total teachers),SE.PRM.TCAQ.ZS,,,,,,,,,,,,,,,,,,,,,,,,,,,,,,,,,,,,,,,62.5,,61.23596,55.77465,54.40415,55.70652,55.04087,58.33333,,61.82796,63.59102,61.62528,61.62528,63.61656,64.67532,64.67532,68.32918,71.8232,72.01018,,
"Korea, Rep.",KOR,Trained teachers in primary education (% of total teachers),SE.PRM.TCAQ.ZS,,,,,,,,,,,,,,,,,,,,,,,,,,,,,,,,,,,,,,,,,,,,,,,,,,,,,,,,,,,
Kuwait,KWT,Trained teachers in primary education (% of total teachers),SE.PRM.TCAQ.ZS,,,,,,,,,,,,,,,,,,,,,,,,,,,,,,,,,,,,,,,,100,100,100,,100,100,100,100,100,100,100,,77.61998,77.74416,77.1555,79.48969,78.93324,,,
Latin America & Caribbean (excluding high income),LAC,Trained teachers in primary education (% of total teachers),SE.PRM.TCAQ.ZS,,,,,,,,,,,,,,,,,,,,,,,,,,,,,,,,,,,,,,,,,,,,86.88091,88.84704,89.26419,88.39237,89.2926,89.14254,88.91923,88.18373,88.98393,88.74984,88.83137,88.88982,88.23813,88.64501,88.33314,
Lao PDR,LAO,Trained teachers in primary education (% of total teachers),SE.PRM.TCAQ.ZS,,,,,,,,,,,,,,,,,,,,,,,,,,,,,,,,,,,,,,,,75.71539,76.69252,76.24074,76.14994,77.52266,79.35346,83.38104,85.75902,89.67031,96.88568,91.98743,95.40306,93.76638,97.23808,97.98024,98.28129,98.4264,97.49647,97.0169,
Lebanon,LBN,Trained teachers in primary education (% of total teachers),SE.PRM.TCAQ.ZS,,,,,,,,,,,,,,,,,,,,,,,,,,,,,,,,,,,,,,,,,,,,,,,,,,,,,,,,,,,
Liberia,LBR,Trained teachers in primary education (% of total teachers),SE.PRM.TCAQ.ZS,,,,,,,,,,,,,,,,,,,,,,,,,,,,,,,,,,,,,,,,,,,,,,,39.57617,,40.11332,47.76673,,56.36711,,,56.3885,46.97718,,,
Libya,LBY,Trained teachers in primary education (% of total teachers),SE.PRM.TCAQ.ZS,,,,,,,,,,,,,,,,,,,,,,,,,,,,,,,,,,,,,,,,,,,,,,,,,,,,,,,,,,,
St. Lucia,LCA,Trained teachers in primary education (% of total teachers),SE.PRM.TCAQ.ZS,,,,,,,,,,,,,,,,,,,,,,,,,,,,,,,,,,,,,,,,,,72.14829,,77.33454,77.80952,79.96272,79.84344,82.14654,87.83231,87.636,86.7745,86.74136,87.76091,88.6385,78.78289,,,89.37381,
Latin America & Caribbean,LCN,Trained teachers in primary education (% of total teachers),SE.PRM.TCAQ.ZS,,,,,,,,,,,,,,,,,,,,,,,,,,,,,,,,,,,,,,,,,,,,,,,88.20524,89.0926,88.9468,88.71056,88.05373,89.00436,88.90809,88.88945,88.90702,88.45116,88.84271,88.5151,
Least developed countries: UN classification,LDC,Trained teachers in primary education (% of total teachers),SE.PRM.TCAQ.ZS,,,,,,,,,,,,,,,,,,,,,,,,,,,,,,,,,,,,,,,,,73.4806,72.2746,,72.04208,72.13043,73.14384,74.94161,75.30342,74.15885,74.43095,72.50957,70.80346,72.31811,71.29058,70.69155,69.22448,69.59192,71.83703,
Low income,LIC,Trained teachers in primary education (% of total teachers),SE.PRM.TCAQ.ZS,,,,,,,,,,,,,,,,,,,,,,,,,,,,,,,,,,,,,,,,,75.07283,74.06529,74.02728,,,75.6749,76.39226,77.06359,75.72096,74.90484,72.22571,71.64413,73.23584,71.93423,72.12033,70.96017,70.37456,74.21163,
Liechtenstein,LIE,Trained teachers in primary education (% of total teachers),SE.PRM.TCAQ.ZS,,,,,,,,,,,,,,,,,,,,,,,,,,,,,,,,,,,,,,,,,,,,,,,,,,,,,,,,,,,
Sri Lanka,LKA,Trained teachers in primary education (% of total teachers),SE.PRM.TCAQ.ZS,,,,,,,,,,,,,,,,,,,,,,,,,,,,,,,,,,,,,,,,,,,,,,,,,,,82.11015,82.39038,,80.24323,,,,85.47911,
Lower middle income,LMC,Trained teachers in primary education (% of total teachers),SE.PRM.TCAQ.ZS,,,,,,,,,,,,,,,,,,,,,,,,,,,,,,,,,,,,,,,,,,,,,,89.83906,,,,,88.16958,85.01889,,79.54021,78.98063,76.99214,77.00226,75.70612,
Low & middle income,LMY,Trained teachers in primary education (% of total teachers),SE.PRM.TCAQ.ZS,,,,,,,,,,,,,,,,,,,,,,,,,,,,,,,,,,,,,,,,,,,,,,,,,,,,,,84.2793,84.05263,83.00959,83.27269,82.4098,
Lesotho,LSO,Trained teachers in primary education (% of total teachers),SE.PRM.TCAQ.ZS,,,,,,,,,,,,,,,,,,,,,,,,,,,,,,,,,,,,,,,,78.06687,74.18979,74.84593,72.58644,67.33376,65.47583,63.67934,66.70186,71.81295,57.0215,57.60229,63.382,66.4528,67.54464,72.03285,75.7858,79.15828,86.52569,,
Late-demographic dividend,LTE,Trained teachers in primary education (% of total teachers),SE.PRM.TCAQ.ZS,,,,,,,,,,,,,,,,,,,,,,,,,,,,,,,,,,,,,,,,,,,,,,,,,,,,,,,,,,,
Lithuania,LTU,Trained teachers in primary education (% of total teachers),SE.PRM.TCAQ.ZS,,,,,,,,,,,,,,,,,,,,,,,,,,,,,,,,,,,,,,,,,,,,,,,,,,,,,,,,,,,
Luxembourg,LUX,Trained teachers in primary education (% of total teachers),SE.PRM.TCAQ.ZS,,,,,,,,,,,,,,,,,,,,,,,,,,,,,,,,,,,,,,,,,,,,,,,,,,,,,,,,,,,
Latvia,LVA,Trained teachers in primary education (% of total teachers),SE.PRM.TCAQ.ZS,,,,,,,,,,,,,,,,,,,,,,,,,,,,,,,,,,,,,,,,,,,,,,,,,,,,,,,,,,,
"Macao SAR, China",MAC,Trained teachers in primary education (% of total teachers),SE.PRM.TCAQ.ZS,,,,,,,,,,,,,,,,,,,,,,,,,,,,,,,,,,,,,,,,80.99668,83.52345,87.22877,89.66584,90.40248,90.93137,90.80174,88.93012,88.87515,86.29563,85.99369,84.71782,85.83021,87.98257,88.16276,88.19652,96.16725,97.5891,98.19477,
St. Martin (French part),MAF,Trained teachers in primary education (% of total teachers),SE.PRM.TCAQ.ZS,,,,,,,,,,,,,,,,,,,,,,,,,,,,,,,,,,,,,,,,,,,,,,,,,,,,,,,,,,,
Morocco,MAR,Trained teachers in primary education (% of total teachers),SE.PRM.TCAQ.ZS,,,,,,,,,,,,,,,,,,,,,,,,,,,,,,,,,,,,,,,,,,,,,,100,,100,100,100,100,100,100,100,100,100,100,100,
Monaco,MCO,Trained teachers in primary education (% of total teachers),SE.PRM.TCAQ.ZS,,,,,,,,,,,,,,,,,,,,,,,,,,,,,,,,,,,,,,,,,,,,,,,,,,,,,,,,,,,
Moldova,MDA,Trained teachers in primary education (% of total teachers),SE.PRM.TCAQ.ZS,,,,,,,,,,,,,,,,,,,,,,,,,,,,,,,,,,,,,,,,,,,,,,,,,,,,,,,93.81906,100,99.16593,99.08629,
Madagascar,MDG,Trained teachers in primary education (% of total teachers),SE.PRM.TCAQ.ZS,,,,,,,,,,,,,,,,,,,,,,,,,,,,,,,,,,,,,,,,,,,,,,,,,,,,,20.98622,18.91444,16.66275,15.07264,14.87429,14.83743,
Maldives,MDV,Trained teachers in primary education (% of total teachers),SE.PRM.TCAQ.ZS,,,,,,,,,,,,,,,,,,,,,,,,,,,,,,,,,,,,,,,68.87701,66.66667,66.45102,66.94136,63.82293,60.81229,,64.29563,67.59592,65.86774,67.92453,74.09194,76.95725,80.76336,77.4743,90.1202,86.05711,82.79755,85.72437,90.13453,
Middle East & North Africa,MEA,Trained teachers in primary education (% of total teachers),SE.PRM.TCAQ.ZS,,,,,,,,,,,,,,,,,,,,,,,,,,,,,,,,,,,,,,,,,97.4882,97.32165,97.04795,97.76472,98.12745,96.29125,94.8094,93.72315,93.32725,94.21054,94.19821,91.60573,86.7916,85.8339,87.66806,86.87272,86.22448,84.8347,
Mexico,MEX,Trained teachers in primary education (% of total teachers),SE.PRM.TCAQ.ZS,,,,,,,,,,,,,,,,,,,,,,,,,,,,,,,,,,,,,,,,,,,,,94.50382,94.93443,95.15333,95.36857,95.04649,95.58816,95.58591,96.00005,95.99993,96.40006,96.78775,96.24539,96.57351,,
Marshall Islands,MHL,Trained teachers in primary education (% of total teachers),SE.PRM.TCAQ.ZS,,,,,,,,,,,,,,,,,,,,,,,,,,,,,,,,,,,,,,,,,,,,,,,,,,,,,,,,,,,
Middle income,MIC,Trained teachers in primary education (% of total teachers),SE.PRM.TCAQ.ZS,,,,,,,,,,,,,,,,,,,,,,,,,,,,,,,,,,,,,,,,,,,,,,,,,,,,,,85.73828,85.52707,84.52258,84.93519,83.49397,
"Macedonia, FYR",MKD,Trained teachers in primary education (% of total teachers),SE.PRM.TCAQ.ZS,,,,,,,,,,,,,,,,,,,,,,,,,,,,,,,,,,,,,,,,,,,,,,,,,,,,,,,,,,,
Mali,MLI,Trained teachers in primary education (% of total teachers),SE.PRM.TCAQ.ZS,,,,,,,,,,,,,,,,,,,,,,,,,,,,,,,,,,,,,,,,,,,,,,,,,50.1439,49.98308,,52.42385,,,,,,,
Malta,MLT,Trained teachers in primary education (% of total teachers),SE.PRM.TCAQ.ZS,,,,,,,,,,,,,,,,,,,,,,,,,,,,,,,,,,,,,,,,,,,,,,,,,,,,,,,,,,,
Myanmar,MMR,Trained teachers in primary education (% of total teachers),SE.PRM.TCAQ.ZS,,,,,,,,,,,,,,,,,,,,,,,,,,,,,,,,,,,,,,,,59.57617,62.70185,60.42933,72.48462,73.66528,76.39263,76.00025,98.27131,99.00005,98.99961,98.86985,99.86018,,,,99.54799,,97.82093,,
Middle East & North Africa (excluding high income),MNA,Trained teachers in primary education (% of total teachers),SE.PRM.TCAQ.ZS,,,,,,,,,,,,,,,,,,,,,,,,,,,,,,,,,,,,,,,,,97.49218,97.31897,97.04519,97.78391,98.57954,96.91054,95.32557,94.05491,93.62361,93.23865,93.26765,90.14153,84.16613,82.76769,85.06396,84.10019,83.55999,82.0007,
Montenegro,MNE,Trained teachers in primary education (% of total teachers),SE.PRM.TCAQ.ZS,,,,,,,,,,,,,,,,,,,,,,,,,,,,,,,,,,,,,,,,,,,,,,,,,,,,,,,,,,,
Mongolia,MNG,Trained teachers in primary education (% of total teachers),SE.PRM.TCAQ.ZS,,,,,,,,,,,,,,,,,,,,,,,,,,,,,,,,,,,,,,,100,100,100,100,100,100,100,100,100,100,100,100,97.57174,98.54289,99.3607,100,100,,100,,
Northern Mariana Islands,MNP,Trained teachers in primary education (% of total teachers),SE.PRM.TCAQ.ZS,,,,,,,,,,,,,,,,,,,,,,,,,,,,,,,,,,,,,,,,,,,,,,,,,,,,,,,,,,,
Mozambique,MOZ,Trained teachers in primary education (% of total teachers),SE.PRM.TCAQ.ZS,,,,,,,,,,,,,,,,,,,,,,,,,,,,,,,,,,,,,,,,,,,,,,59.83276,64.56759,63.19169,66.96753,71.15754,75.94308,80.10401,83.63949,87.32589,89.95685,93.24387,95.14326,97.19216,
Mauritania,MRT,Trained teachers in primary education (% of total teachers),SE.PRM.TCAQ.ZS,,,,,,,,,,,,,,,,,,,,,,,,,,,,,,,,,,,,,,,,,,,,,100,100,100,100,100,100,100,100,100,,91.21728,,84.78471,,
Mauritius,MUS,Trained teachers in primary education (% of total teachers),SE.PRM.TCAQ.ZS,,,,,,,,,,,,,,,,,,,,,,,,,,,,,,,,,,,,,,,100,100,100,100,100,,100,100,100,100,100,100,100,100,100,100,100,100,100,100,
Malawi,MWI,Trained teachers in primary education (% of total teachers),SE.PRM.TCAQ.ZS,,,,,,,,,,,,,,,,,,,,,,,,,,,,,,,,,,,,,,,,53.54344,,,,,,,,88.38222,87.17238,,95.91278,88.4466,91.62833,90.80983,,,,,
Malaysia,MYS,Trained teachers in primary education (% of total teachers),SE.PRM.TCAQ.ZS,,,,,,,,,,,,,,,,,,,,,,,,,,,,,,,,,,,,,,,,97.10691,97.8516,97.45839,94.91263,91.02599,91.04781,91.88586,95.08401,93.55487,93.2599,94.59269,95.35569,96.12115,96.43276,96.7133,98.64774,99.93439,99.73452,98.90949,
North America,NAC,Trained teachers in primary education (% of total teachers),SE.PRM.TCAQ.ZS,,,,,,,,,,,,,,,,,,,,,,,,,,,,,,,,,,,,,,,,,,,,,,,,,,,,,,,,,,,
Namibia,NAM,Trained teachers in primary education (% of total teachers),SE.PRM.TCAQ.ZS,,,,,,,,,,,,,,,,,,,,,,,,,,,,,,,,,,,,,,,76.32582,80.93185,85.39791,87.11344,87.22436,90.05106,91.74801,92.42736,92.89844,94.80804,94.99783,95.57561,96.38881,,,,,,,,
New Caledonia,NCL,Trained teachers in primary education (% of total teachers),SE.PRM.TCAQ.ZS,,,,,,,,,,,,,,,,,,,,,,,,,,,,,,,,,,,,,,,,,,,,,,,,,,,,,,,,,,,
Niger,NER,Trained teachers in primary education (% of total teachers),SE.PRM.TCAQ.ZS,,,,,,,,,,,,,,,,,,,,,,,,,,,,,,,,,,,,,,,,97.75211,97.3542,79.88895,69.62746,72.45658,75.75014,85.00123,91.90782,98.23648,98.43773,98.01354,96.69425,96.4309,97.08767,45.84346,50.08322,55.5236,55.6421,66.01299,
Nigeria,NGA,Trained teachers in primary education (% of total teachers),SE.PRM.TCAQ.ZS,,,,,,,,,,,,,,,,,,,,,,,,,,,,,,,,,,,,,,,,,,,,76.15545,49.23535,49.96662,51.22497,,,,66.1485,,,,,,,,
Nicaragua,NIC,Trained teachers in primary education (% of total teachers),SE.PRM.TCAQ.ZS,,,,,,,,,,,,,,,,,,,,,,,,,,,,,,,,,,,,,,,73.60049,79.1998,72.89664,72.85032,74.22787,,74.61616,76.94493,73.56658,72.24574,72.74413,,74.8618,,,,,,,,
Netherlands,NLD,Trained teachers in primary education (% of total teachers),SE.PRM.TCAQ.ZS,,,,,,,,,,,,,,,,,,,,,,,,,,,,,,,,,,,,,,,,,,,,,,,,,,,,,,,,,,,
Norway,NOR,Trained teachers in primary education (% of total teachers),SE.PRM.TCAQ.ZS,,,,,,,,,,,,,,,,,,,,,,,,,,,,,,,,,,,,,,,,,,,,,,,,,,,,,,,,,,,
Nepal,NPL,Trained teachers in primary education (% of total teachers),SE.PRM.TCAQ.ZS,,,,,,,,,,,,,,,,,,,,,,,,,,,,,,,,,,,,,,,,15.00033,,15.37102,14.68151,16.22721,17.38608,30.51447,,61.36031,66.43616,,73.6609,80.72852,92.55903,92.18524,93.58152,94.42307,97.01081,97.27852,
Nauru,NRU,Trained teachers in primary education (% of total teachers),SE.PRM.TCAQ.ZS,,,,,,,,,,,,,,,,,,,,,,,,,,,,,,,,,,,,,,,,,,,,,,,,74.19355,,,,,,,,,100,,
New Zealand,NZL,Trained teachers in primary education (% of total teachers),SE.PRM.TCAQ.ZS,,,,,,,,,,,,,,,,,,,,,,,,,,,,,,,,,,,,,,,,,,,,,,,,,,,,,,,,,,,
OECD members,OED,Trained teachers in primary education (% of total teachers),SE.PRM.TCAQ.ZS,,,,,,,,,,,,,,,,,,,,,,,,,,,,,,,,,,,,,,,,,,,,,,,,,,,,,,,,,,,
Oman,OMN,Trained teachers in primary education (% of total teachers),SE.PRM.TCAQ.ZS,,,,,,,,,,,,,,,,,,,,,,,,,,,,,,,,,,,,,,,,99.5572,99.60311,99.81335,,,,,,,,,,,,,,,,100,
Other small states,OSS,Trained teachers in primary education (% of total teachers),SE.PRM.TCAQ.ZS,,,,,,,,,,,,,,,,,,,,,,,,,,,,,,,,,,,,,,85.69993,85.36401,85.92691,85.36678,85.10886,84.92797,84.49958,84.61662,83.31983,83.74903,83.39701,81.6203,80.36715,80.17747,79.09915,76.63927,78.68892,79.36578,78.57936,77.62666,76.06655,
Pakistan,PAK,Trained teachers in primary education (% of total teachers),SE.PRM.TCAQ.ZS,,,,,,,,,,,,,,,,,,,,,,,,,,,,,,,,,,,,,,,,,,,,,78.04485,85.50682,84.57986,84.03607,85.06215,85.18784,84.2262,82.80512,83.90706,84.89832,84.01317,82.46731,,,
Panama,PAN,Trained teachers in primary education (% of total teachers),SE.PRM.TCAQ.ZS,,,,,,,,,,,,,,,,,,,,,,,,,,,,,,,,,,,,,,,,78.97671,74.89343,75.66746,75.31221,,74.33732,89.64565,91.13342,90.8101,91.34176,91.53933,91.63021,91.51664,90.40331,,83.18903,99.24497,99.24497,,
Peru,PER,Trained teachers in primary education (% of total teachers),SE.PRM.TCAQ.ZS,,,,,,,,,,,,,,,,,,,,,,,,,,,,,,,,,,,,,,,,,,,,,,,,,,,,,,,,,,97.38061,
Philippines,PHL,Trained teachers in primary education (% of total teachers),SE.PRM.TCAQ.ZS,,,,,,,,,,,,,,,,,,,,,,,,,,,,,,,,,,,,,,,,,,,,,,,,,,,,,,,100,100,100,,
Palau,PLW,Trained teachers in primary education (% of total teachers),SE.PRM.TCAQ.ZS,,,,,,,,,,,,,,,,,,,,,,,,,,,,,,,,,,,,,,,,,,,,,,,,,,,,,,,,,,,
Papua New Guinea,PNG,Trained teachers in primary education (% of total teachers),SE.PRM.TCAQ.ZS,,,,,,,,,,,,,,,,,,,,,,,,,,,,,,,,,,,,,,,,,,,,,,,,,,,,,,,,,,,
Poland,POL,Trained teachers in primary education (% of total teachers),SE.PRM.TCAQ.ZS,,,,,,,,,,,,,,,,,,,,,,,,,,,,,,,,,,,,,,,,,,,,,,,,,,,,,,,,,,,
Pre-demographic dividend,PRE,Trained teachers in primary education (% of total teachers),SE.PRM.TCAQ.ZS,,,,,,,,,,,,,,,,,,,,,,,,,,,,,,,,,,,,,,,,,,,83.79907,79.43447,72.86143,72.34338,72.19038,69.33553,71.33106,72.12297,72.25104,68.90843,72.94117,65.99228,64.62261,64.28784,,,
Puerto Rico,PRI,Trained teachers in primary education (% of total teachers),SE.PRM.TCAQ.ZS,,,,,,,,,,,,,,,,,,,,,,,,,,,,,,,,,,,,,,,,,,,,,,,,,,,,,,,94,94.69359,,,
"Korea, Dem. People’s Rep.",PRK,Trained teachers in primary education (% of total teachers),SE.PRM.TCAQ.ZS,,,,,,,,,,,,,,,,,,,,,,,,,,,,,,,,,,,,,,,,,,,,,,,,,,,,,,,,,,,
Portugal,PRT,Trained teachers in primary education (% of total teachers),SE.PRM.TCAQ.ZS,,,,,,,,,,,,,,,,,,,,,,,,,,,,,,,,,,,,,,,,,,,,,,,,,,,,,,,,,,,
Paraguay,PRY,Trained teachers in primary education (% of total teachers),SE.PRM.TCAQ.ZS,,,,,,,,,,,,,,,,,,,,,,,,,,,,,,,,,,,,,,,,,,,,,,,,,,,,,92.07644,,,,,,
West Bank and Gaza,PSE,Trained teachers in primary education (% of total teachers),SE.PRM.TCAQ.ZS,,,,,,,,,,,,,,,,,,,,,,,,,,,,,,,,,,,,,,,,100,100,100,100,100,100,100,,100,100,100,100,100,100,100,100,100,100,100,
Pacific island small states,PSS,Trained teachers in primary education (% of total teachers),SE.PRM.TCAQ.ZS,,,,,,,,,,,,,,,,,,,,,,,,,,,,,,,,,,,,,,,,,,,,,,,,84.65754,82.63122,81.61743,79.3572,77.16268,77.02488,81.52869,81.87599,80.32861,81.76975,83.74097,
Post-demographic dividend,PST,Trained teachers in primary education (% of total teachers),SE.PRM.TCAQ.ZS,,,,,,,,,,,,,,,,,,,,,,,,,,,,,,,,,,,,,,,,,,,,,,,,,,,,,,,,,,,
French Polynesia,PYF,Trained teachers in primary education (% of total teachers),SE.PRM.TCAQ.ZS,,,,,,,,,,,,,,,,,,,,,,,,,,,,,,,,,,,,,,,,,,,,,,,,,,,,,,,,,,,
Qatar,QAT,Trained teachers in primary education (% of total teachers),SE.PRM.TCAQ.ZS,,,,,,,,,,,,,,,,,,,,,,,,,,,,,,,,,,,,,,,,,,,,,,,,,52.33675,48.88653,,,,,,,,,
Romania,ROU,Trained teachers in primary education (% of total teachers),SE.PRM.TCAQ.ZS,,,,,,,,,,,,,,,,,,,,,,,,,,,,,,,,,,,,,,,,,,,,,,,,,,,,,,,,,,,
Russian Federation,RUS,Trained teachers in primary education (% of total teachers),SE.PRM.TCAQ.ZS,,,,,,,,,,,,,,,,,,,,,,,,,,,,,,,,,,,,,,,,,,,,,,,,,,,,,,,,,,,
Rwanda,RWA,Trained teachers in primary education (% of total teachers),SE.PRM.TCAQ.ZS,,,,,,,,,,,,,,,,,,,,,,,,,,,,,,,,,,,,,,,,48.63464,52.58312,62.70472,81.16738,85.18247,81.71232,93.73144,98.29944,98.07005,94.16167,93.87177,91.47908,98.42676,95.55908,95.20406,95.57449,93.92453,,92.58643,
South Asia,SAS,Trained teachers in primary education (% of total teachers),SE.PRM.TCAQ.ZS,,,,,,,,,,,,,,,,,,,,,,,,,,,,,,,,,,,,,,,,,,,,,,,,,,,,,,77.20627,76.31266,71.04199,69.58477,69.56156,
Saudi Arabia,SAU,Trained teachers in primary education (% of total teachers),SE.PRM.TCAQ.ZS,,,,,,,,,,,,,,,,,,,,,,,,,,,,,,,,,,,,,,,,,,,,,,,,91.4969,,,,,,100,100,100,100,,
Sudan,SDN,Trained teachers in primary education (% of total teachers),SE.PRM.TCAQ.ZS,,,,,,,,,,,,,,,,,,,,,,,,,,,,,,,,,,,,,,,,,,,,,,,,,,,,,,,,,,,
Senegal,SEN,Trained teachers in primary education (% of total teachers),SE.PRM.TCAQ.ZS,,,,,,,,,,,,,,,,,,,,,,,,,,,,,,,,,,,,,,,,,,,,55.37906,50.84206,45.69771,49.69535,46.03869,46.18381,42.56055,47.85285,63.10219,64.72177,72.37909,69.96822,68.33982,69.68075,74.77264,
Singapore,SGP,Trained teachers in primary education (% of total teachers),SE.PRM.TCAQ.ZS,,,,,,,,,,,,,,,,,,,,,,,,,,,,,,,,,,,,,,,,,,,,,,,,99.16444,98.88889,98.55915,,,,,,,98.99581,,
Solomon Islands,SLB,Trained teachers in primary education (% of total teachers),SE.PRM.TCAQ.ZS,,,,,,,,,,,,,,,,,,,,,,,,,,,,,,,,,,,,,,,,,,,,,,,,,,,57.96617,53.5444,54.30645,63.34016,64.61447,59.19526,65.57954,74.14982,
Sierra Leone,SLE,Trained teachers in primary education (% of total teachers),SE.PRM.TCAQ.ZS,,,,,,,,,,,,,,,,,,,,,,,,,,,,,,,,,,,,,,,,,,,,,,,,,,,,48.01836,54.60126,57.11606,,53.8223,,,
El Salvador,SLV,Trained teachers in primary education (% of total teachers),SE.PRM.TCAQ.ZS,,,,,,,,,,,,,,,,,,,,,,,,,,,,,,,,,,,,,,,,,,,,96.24737,95.70842,94.87158,94.04176,93.31316,93.16466,92.67304,,95.5747,,,,95.61332,95.74185,95.41835,
San Marino,SMR,Trained teachers in primary education (% of total teachers),SE.PRM.TCAQ.ZS,,,,,,,,,,,,,,,,,,,,,,,,,,,,,,,,,,,,,,,,,,,,,,,,,,,,,,,,,,,
Somalia,SOM,Trained teachers in primary education (% of total teachers),SE.PRM.TCAQ.ZS,,,,,,,,,,,,,,,,,,,,,,,,,,,,,,,,,,,,,,,,,,,,,,,,,,,,,,,,,,,
Serbia,SRB,Trained teachers in primary education (% of total teachers),SE.PRM.TCAQ.ZS,,,,,,,,,,,,,,,,,,,,,,,,,,,,,,,,,,,,,,,,,,,,,,,,100,,94.21743,,70.42042,55.73443,,,,,,
Sub-Saharan Africa (excluding high income),SSA,Trained teachers in primary education (% of total teachers),SE.PRM.TCAQ.ZS,,,,,,,,,,,,,,,,,,,,,,,,,,,,,,,,,,,,,,,,,85.00317,82.63649,82.76518,79.20531,73.05505,72.5359,73.67566,71.55619,72.605,73.26657,71.41094,67.93024,71.62755,65.14172,63.83865,63.142,62.76083,,
South Sudan,SSD,Trained teachers in primary education (% of total teachers),SE.PRM.TCAQ.ZS,,,,,,,,,,,,,,,,,,,,,,,,,,,,,,,,,,,,,,,,,,,,,,,,,,,,44.0271,,,,,,,
Sub-Saharan Africa,SSF,Trained teachers in primary education (% of total teachers),SE.PRM.TCAQ.ZS,,,,,,,,,,,,,,,,,,,,,,,,,,,,,,,,,,,,,,,,,85.00194,82.63491,82.7637,79.20497,73.05737,72.53849,73.67792,71.55897,72.60892,73.27173,71.41394,67.9337,71.62849,65.14243,63.83983,63.14513,62.76378,,
Small states,SST,Trained teachers in primary education (% of total teachers),SE.PRM.TCAQ.ZS,,,,,,,,,,,,,,,,,,,,,,,,,,,,,,,,,,,,,,,83.14037,83.10767,83.37777,83.18639,83.21147,82.98612,82.50402,81.6696,81.76732,81.88815,80.23569,79.24375,79.12641,78.52003,76.83421,78.43753,80.63406,79.82598,79.23836,78.20282,
Sao Tome and Principe,STP,Trained teachers in primary education (% of total teachers),SE.PRM.TCAQ.ZS,,,,,,,,,,,,,,,,,,,,,,,,,,,,,,,,,,,,,,,,,,,,,,,,,,48.10225,,,,,33.01708,34.35115,31.09541,27.40989,
Suriname,SUR,Trained teachers in primary education (% of total teachers),SE.PRM.TCAQ.ZS,,,,,,,,,,,,,,,,,,,,,,,,,,,,,,,,,,,,,,,,,,,,,,,,,100,100,95.74647,96.37295,97.58916,97.24286,97.39692,97.97961,98.19266,98.38011,
Slovak Republic,SVK,Trained teachers in primary education (% of total teachers),SE.PRM.TCAQ.ZS,,,,,,,,,,,,,,,,,,,,,,,,,,,,,,,,,,,,,,,,,,,,,,,,,,,,,,,,,,,
Slovenia,SVN,Trained teachers in primary education (% of total teachers),SE.PRM.TCAQ.ZS,,,,,,,,,,,,,,,,,,,,,,,,,,,,,,,,,,,,,,,,,,,,,,,,,,,,,,,,,,,
Sweden,SWE,Trained teachers in primary education (% of total teachers),SE.PRM.TCAQ.ZS,,,,,,,,,,,,,,,,,,,,,,,,,,,,,,,,,,,,,,,,,,,,,,,,,,,,,,,,,,,
Eswatini,SWZ,Trained teachers in primary education (% of total teachers),SE.PRM.TCAQ.ZS,,,,,,,,,,,,,,,,,,,,,,,,,,,,,,,,,,,,,,,,91.1284,90.38293,91.11766,90.57529,90.55389,90.52974,90.77288,92.18071,94.0438,,84.18605,79.33807,77.56296,67.58102,79.14659,81.6486,82.0841,69.96805,,
Sint Maarten (Dutch part),SXM,Trained teachers in primary education (% of total teachers),SE.PRM.TCAQ.ZS,,,,,,,,,,,,,,,,,,,,,,,,,,,,,,,,,,,,,,,,,,,,,,,,,,,,,,,,,,,
Seychelles,SYC,Trained teachers in primary education (% of total teachers),SE.PRM.TCAQ.ZS,,,,,,,,,,,,,,,,,,,,,,,,,,,,,,,,,,,,,,,83.68902,82.25806,81.14035,77.66854,,77.92593,,,,,,99.35897,,86.7378,76.47908,69.44024,71.29909,83.63914,82.91925,,
Syrian Arab Republic,SYR,Trained teachers in primary education (% of total teachers),SE.PRM.TCAQ.ZS,,,,,,,,,,,,,,,,,,,,,,,,,,,,,,,,,,,,,,,,81.10308,89.21265,87.95134,88.38903,,,,,,,,,,,,,,,,
Turks and Caicos Islands,TCA,Trained teachers in primary education (% of total teachers),SE.PRM.TCAQ.ZS,,,,,,,,,,,,,,,,,,,,,,,,,,,,,,,,,,,,,,,,79.79798,,76.42276,84.03361,84.03361,,,,,,,,,,,89.12281,,,,
Chad,TCD,Trained teachers in primary education (% of total teachers),SE.PRM.TCAQ.ZS,,,,,,,,,,,,,,,,,,,,,,,,,,,,,,,,,,,,,,,,,,,,,,,,,,67.98233,70.17,68.48084,65.9663,64.98018,,,,,
East Asia & Pacific (IDA & IBRD countries),TEA,Trained teachers in primary education (% of total teachers),SE.PRM.TCAQ.ZS,,,,,,,,,,,,,,,,,,,,,,,,,,,,,,,,,,,,,,,,,,,,,,,,,,,,,,,,,,,
Europe & Central Asia (IDA & IBRD countries),TEC,Trained teachers in primary education (% of total teachers),SE.PRM.TCAQ.ZS,,,,,,,,,,,,,,,,,,,,,,,,,,,,,,,,,,,,,,,,,,,,,,,,,,,,,,,,,,,
Togo,TGO,Trained teachers in primary education (% of total teachers),SE.PRM.TCAQ.ZS,,,,,,,,,,,,,,,,,,,,,,,,,,,,,,,,,,,,,,,,31.12477,,,,,,,,,,,76.70283,70.79671,82.13861,76.06691,,73.3292,,,
Thailand,THA,Trained teachers in primary education (% of total teachers),SE.PRM.TCAQ.ZS,,,,,,,,,,,,,,,,,,,,,,,,,,,,,,,,,,,,,,,,,,,,,,,,,,,,,,,100,100,100,100,
Tajikistan,TJK,Trained teachers in primary education (% of total teachers),SE.PRM.TCAQ.ZS,,,,,,,,,,,,,,,,,,,,,,,,,,,,,,,,,,,,,,,,,,81.58957,81.57401,81.97555,84.06073,,93.04897,87.40868,88.30003,89.52004,92.93757,93.66168,93.91298,94.0785,100,100,100,100,
Turkmenistan,TKM,Trained teachers in primary education (% of total teachers),SE.PRM.TCAQ.ZS,,,,,,,,,,,,,,,,,,,,,,,,,,,,,,,,,,,,,,,,,,,,,,,,,,,,,,,,,,,
Latin America & the Caribbean (IDA & IBRD countries),TLA,Trained teachers in primary education (% of total teachers),SE.PRM.TCAQ.ZS,,,,,,,,,,,,,,,,,,,,,,,,,,,,,,,,,,,,,,,,,,,,,,,87.98132,88.90302,88.77776,88.54611,87.8395,88.7332,88.53702,88.57752,88.56169,88.09167,88.48761,88.14209,
Timor-Leste,TLS,Trained teachers in primary education (% of total teachers),SE.PRM.TCAQ.ZS,,,,,,,,,,,,,,,,,,,,,,,,,,,,,,,,,,,,,,,,,,,,,,,,,,,,,,,,,,,
Middle East & North Africa (IDA & IBRD countries),TMN,Trained teachers in primary education (% of total teachers),SE.PRM.TCAQ.ZS,,,,,,,,,,,,,,,,,,,,,,,,,,,,,,,,,,,,,,,,,97.47442,97.30089,97.02015,97.76681,98.56682,96.87999,95.2914,94.00823,93.57132,93.18045,93.20787,,84.01502,82.59886,84.91658,83.94515,83.39637,81.82348,
Tonga,TON,Trained teachers in primary education (% of total teachers),SE.PRM.TCAQ.ZS,,,,,,,,,,,,,,,,,,,,,,,,,,,,,,,,,,,,,,,87.23404,,,,,,,,,,,,,,,99.55224,97.05882,92.48408,,,
South Asia (IDA & IBRD),TSA,Trained teachers in primary education (% of total teachers),SE.PRM.TCAQ.ZS,,,,,,,,,,,,,,,,,,,,,,,,,,,,,,,,,,,,,,,,,,,,,,,,,,,,,,77.20627,76.31266,71.04199,69.58477,69.56156,
Sub-Saharan Africa (IDA & IBRD countries),TSS,Trained teachers in primary education (% of total teachers),SE.PRM.TCAQ.ZS,,,,,,,,,,,,,,,,,,,,,,,,,,,,,,,,,,,,,,,,,85.00194,82.63491,82.7637,79.20497,73.05737,72.53849,73.67792,71.55897,72.60892,73.27173,71.41394,67.9337,71.62849,65.14243,63.83983,63.14513,62.76378,,
Trinidad and Tobago,TTO,Trained teachers in primary education (% of total teachers),SE.PRM.TCAQ.ZS,,,,,,,,,,,,,,,,,,,,,,,,,,,,,,,,,,,,,,,,71.45157,76.07732,78.14645,79.95839,83.30054,81.00523,,,88.55709,86.58888,87.99517,,,,,,,,,
Tunisia,TUN,Trained teachers in primary education (% of total teachers),SE.PRM.TCAQ.ZS,,,,,,,,,,,,,,,,,,,,,,,,,,,,,,,,,,,,,,,,,,,,,,,,,,,,,100,100,100,100,100,,
Turkey,TUR,Trained teachers in primary education (% of total teachers),SE.PRM.TCAQ.ZS,,,,,,,,,,,,,,,,,,,,,,,,,,,,,,,,,,,,,,,,,,,,,,,,,,,,,,,,,,,
Tuvalu,TUV,Trained teachers in primary education (% of total teachers),SE.PRM.TCAQ.ZS,,,,,,,,,,,,,,,,,,,,,,,,,,,,,,,,,,,,,,,,,,,,,,,,,,,,,,,,,76.62338,,
Tanzania,TZA,Trained teachers in primary education (% of total teachers),SE.PRM.TCAQ.ZS,,,,,,,,,,,,,,,,,,,,,,,,,,,,,,,,,,,,,,,,,,100,100,,100,100,,100,,100,94.49945,,,98.98621,,,99.19595,,
Uganda,UGA,Trained teachers in primary education (% of total teachers),SE.PRM.TCAQ.ZS,,,,,,,,,,,,,,,,,,,,,,,,,,,,,,,,,,,,,,,,,,,,,,,,,,,,,,,,,,79.58579,
Ukraine,UKR,Trained teachers in primary education (% of total teachers),SE.PRM.TCAQ.ZS,,,,,,,,,,,,,,,,,,,,,,,,,,,,,,,,,,,,,,,,99.87059,98.57281,99.82453,99.67009,99.70365,99.72768,99.69047,99.63479,99.80269,99.81504,99.85556,99.86276,99.87239,99.88831,,,,86.02861,86.76098,
Upper middle income,UMC,Trained teachers in primary education (% of total teachers),SE.PRM.TCAQ.ZS,,,,,,,,,,,,,,,,,,,,,,,,,,,,,,,,,,,,,,,,,,,,,,,,,,,,,,,,,,,
Uruguay,URY,Trained teachers in primary education (% of total teachers),SE.PRM.TCAQ.ZS,,,,,,,,,,,,,,,,,,,,,,,,,,,,,,,,,,,,,,,,,,,,,,,,,,,,,,100,100,100,100,,
United States,USA,Trained teachers in primary education (% of total teachers),SE.PRM.TCAQ.ZS,,,,,,,,,,,,,,,,,,,,,,,,,,,,,,,,,,,,,,,,,,,,,,,,,,,,,,,,,,,
Uzbekistan,UZB,Trained teachers in primary education (% of total teachers),SE.PRM.TCAQ.ZS,,,,,,,,,,,,,,,,,,,,,,,,,,,,,,,,,,,,,,,,,,,,,,,100,100,100,100,100,100,,,,,,98.94492,
St. Vincent and the Grenadines,VCT,Trained teachers in primary education (% of total teachers),SE.PRM.TCAQ.ZS,,,,,,,,,,,,,,,,,,,,,,,,,,,,,,,,,,,,,,,59.285,66.13546,,71.71315,69.20877,73.13855,72.20039,,,77.59914,82.96943,79.63595,84.10372,,85.29076,82.69663,76.0514,84.28094,,,
"Venezuela, RB",VEN,Trained teachers in primary education (% of total teachers),SE.PRM.TCAQ.ZS,,,,,,,,,,,,,,,,,,,,,,,,,,,,,,,,,,,,,,,,,,,,,,,,,,,,,,,,,,,
British Virgin Islands,VGB,Trained teachers in primary education (% of total teachers),SE.PRM.TCAQ.ZS,,,,,,,,,,,,,,,,,,,,,,,,,,,,,,,,,,,,,,,,71.89542,89.02439,,,78.60697,,,74.2268,71.62791,,,,,,,80.28674,91.60839,,91.98606,
Virgin Islands (U.S.),VIR,Trained teachers in primary education (% of total teachers),SE.PRM.TCAQ.ZS,,,,,,,,,,,,,,,,,,,,,,,,,,,,,,,,,,,,,,,,,,,,,,,,,,,,,,,,,,,
Vietnam,VNM,Trained teachers in primary education (% of total teachers),SE.PRM.TCAQ.ZS,,,,,,,,,,,,,,,,,,,,,,,,,,,,,,,,,,,,,,,,77.65357,80.04964,84.94996,87.01244,,,93.3701,95.63952,97.79333,98.62724,99.63995,98.33487,99.30258,99.5883,,100,99.47605,99.77422,99.72022,
Vanuatu,VUT,Trained teachers in primary education (% of total teachers),SE.PRM.TCAQ.ZS,,,,,,,,,,,,,,,,,,,,,,,,,,,,,,,,,,,,,,,,,,,,,,,,100,,,,,,,,,,,
World,WLD,Trained teachers in primary education (% of total teachers),SE.PRM.TCAQ.ZS,,,,,,,,,,,,,,,,,,,,,,,,,,,,,,,,,,,,,,,,,,,,,,,,,,,,,,86.64107,86.43118,85.62824,85.89044,85.11592,
Samoa,WSM,Trained teachers in primary education (% of total teachers),SE.PRM.TCAQ.ZS,,,,,,,,,,,,,,,,,,,,,,,,,,,,,,,,,,,,,,,,,,,,,,,,,,,,,,,,,,,
Kosovo,XKX,Trained teachers in primary education (% of total teachers),SE.PRM.TCAQ.ZS,,,,,,,,,,,,,,,,,,,,,,,,,,,,,,,,,,,,,,,,,,,,,,,,,,,,,,,,,,,
"Yemen, Rep.",YEM,Trained teachers in primary education (% of total teachers),SE.PRM.TCAQ.ZS,,,,,,,,,,,,,,,,,,,,,,,,,,,,,,,,,,,,,,,,,,,,,,,,,,,,,,,,,,,
South Africa,ZAF,Trained teachers in primary education (% of total teachers),SE.PRM.TCAQ.ZS,,,,,,,,,,,,,,,,,,,,,,,,,,,,,,,,,,,,,,,,63.25986,67.94187,67.61562,77.92155,,,,,,,,,,,,,,,,
Zambia,ZMB,Trained teachers in primary education (% of total teachers),SE.PRM.TCAQ.ZS,,,,,,,,,,,,,,,,,,,,,,,,,,,,,,,,,,,,,,,89.92539,94.18157,,,,,,,,,,,,,92.65586,,,,,,
Zimbabwe,ZWE,Trained teachers in primary education (% of total teachers),SE.PRM.TCAQ.ZS,,,,,,,,,,,,,,,,,,,,,,,,,,,,,,,,,,,,,,,79.28751,,,,,,,,,,,,,,88.15413,85.86291,,,,,
